,MAE,RMSE,R2,Bias,MAPE,SMAPE,WMAPE,MASE
Prophet,5.04691771415605,5.457031628134069,-5.274980923606883,-5.04691771415605,93.04344168829604,129.64307467657738,451.3823809960191,1.2856650091398758
VAR,4.9868955347959,5.53176497512263,-5.448027908165796,4.9868955347959,95.59841467810145,58.08449577824823,423.42040987296014,1.2703748022955648
LightGBM,3.3904870132271037,4.020076075663606,-2.4053990577190403,-2.533071591068726,49.83125407126668,66.34005873242216,389.88456054399865,0.8637015231341404
Ensemble,1.5087644082561054,1.8597033242984287,0.27123618130945726,-1.0663782142218756,22.1956016845363,24.290954061623673,174.1071542235744,0.3843465886692932
